Username,In_visit_to,In_visit_from,chatGptResponse,prompt,sex,needs,user_type
tit012,Pistoia,Italia,"assistant: Sex: Uncertain, Need: Tourism Information (looking for artistic and cultural attractions in Pistoia), Internet Resources (needs online sources for locating installations or events), User: Tourist.","Generate birth sex(from username), user type and associated need, with this format: Sex: [Male] or [Female] or Uncertain, Need: [need1] (description of need) 2), [need2] (description of need), etc and User: [user]. (Examples of users can be Tourist, Student, Local, etc)Also is very important that if no user or need can be precisely derivated from the text provided, you should write me ""Impossibile"". I need short-medium sentences for needs. One, two or three words maximum for the user description. Answer with a single sentence . Text provided:
['--- New element head ---\n', 'City of request is: Pistoia\n', 'City of provenience: Italia\n', 'Username: tit012\n', 'https://www.artribune.com/progettazione/new-media/2023/10/pistoia-installazione-arazzo-millefiori/?fbclid=IwAR0-xSQRSaXtvFClrjAdu7LcMqTZAnQTa3FCcoh39srO8Y1e5jgPiEnOZuA', '---- new post text ---- \n']",Uncertain,"Tourism Information (looking for artistic and cultural attractions in Pistoia), Internet Resources (needs online sources for locating installations or events)",Tourist
gowanda,Lazio,"Bari, Italia","assistant: Sex: Uncertain, Need: Travel recommendations (User is asking for suggestions about places to visit in Lazio, with interest in Narni and Civita di Bagnoregio), Car rental services (User intends to rent a car for transportation around the city), User: Tourist.","Generate birth sex(from username), user type and associated need, with this format: Sex: [Male] or [Female] or Uncertain, Need: [need1] (description of need) 2), [need2] (description of need), etc and User: [user]. (Examples of users can be Tourist, Student, Local, etc)Also is very important that if no user or need can be precisely derivated from the text provided, you should write me ""Impossibile"". I need short-medium sentences for needs. One, two or three words maximum for the user description. Answer with a single sentence . Text provided:
['--- New element head ---\n', 'City of request is: Lazio\n', 'City of provenience: Bari, Italia\n', 'Username: gowanda\n', 'Ciao a tutti,', '', ""il primo weekend di dicembre arriver√≤ a Fiumicino la mattina presto per ripartire domenica sera. L'idea √® quella di noleggiare un'auto e fare un giro di borghi e luoghi tipici. Mi consigliate che giro fare e cosa vedere?"", '', 'Ho letto tante cose belle su Narni e mi piacerebbe spingermi fino a Civita fi Bagnoregio. Datemi suggerimenti, grazie', '---- new post text ---- \n']",Uncertain,"Travel recommendations (User is asking for suggestions about places to visit in Lazio, with interest in Narni and Civita di Bagnoregio), Car rental services (User intends to rent a car for transportation around the city)",Tourist
Glitterina,Torino,"Torino, Italia","assistant: Sex: Uncertain, Need: Information on transportation fare changes (Needs to understand the new GTT rates for public transportation and public standing), Fare replacement (Needs to replace old tickets with new ones after the fare changes), User: Local.","Generate birth sex(from username), user type and associated need, with this format: Sex: [Male] or [Female] or Uncertain, Need: [need1] (description of need) 2), [need2] (description of need), etc and User: [user]. (Examples of users can be Tourist, Student, Local, etc)Also is very important that if no user or need can be precisely derivated from the text provided, you should write me ""Impossibile"". I need short-medium sentences for needs. One, two or three words maximum for the user description. Answer with a single sentence . Text provided:
['--- New element head ---\n', 'City of request is: Torino\n', 'City of provenience: Torino, Italia\n', 'Username: Glitterina\n', 'Ciao a tutti, come forse saprete gi√†, dal 1 ottobre 2023 cambiano le tariffe GTT per bigletti mezzi pubblici e pubblica sosta.', '', '', '', 'Punto importante, a mio avviso, che vi segnalo: ""I titoli di viaggio acquistati sino al 30 settembre saranno utilizzabili dai clienti sino al 30 ottobre 2023, data dalla quale tali titoli saranno automaticamente rifiutati dai validatori GTT.', '', '', '', 'I clienti che al 30 ottobre dovessero essere in possesso di titoli di viaggio con tariffa ‚Äúvecchia‚Äù e non ancora usati potranno sostituirli con titoli ‚Äúnuovi‚Äù (pagando la differenza) recandosi presso un Centro Servizi al Cliente di GTT, a partire dal 31 ottobre, solo su appuntamento e mediante prenotazione mediante l‚Äôapplicazione Ufirst.""', '', '', '', '', '', 'Per tutte le nuove tariffe e specifiche, ecco il link ufficiale: https://www.gtt.to.it/cms/avvisi-e-informazioni-di-servizio', '', '', '', 'ciau a tutti', '---- new post text ---- \n']",Uncertain,"Information on transportation fare changes (Needs to understand the new GTT rates for public transportation and public standing), Fare replacement (Needs to replace old tickets with new ones after the fare changes)",Local
ombretta b,Caserta,,"assistant: Sex: Female, Need: Information about visiting order (The user requires confirmation about the visiting order of the theatre, gardens, and apartments of a certain place), Timing information (The user needs detailed information about the operating hours of the different sections of the place visited), Guided tour (The user may require a guided tour to avoid any confusion during her visit), User: Tourist.","Generate birth sex(from username), user type and associated need, with this format: Sex: [Male] or [Female] or Uncertain, Need: [need1] (description of need) 2), [need2] (description of need), etc and User: [user]. (Examples of users can be Tourist, Student, Local, etc)Also is very important that if no user or need can be precisely derivated from the text provided, you should write me ""Impossibile"". I need short-medium sentences for needs. One, two or three words maximum for the user description. Answer with a single sentence . Text provided:
['--- New element head ---\n', 'City of request is: Caserta\n', 'City of provenience: \n', 'Username: ombretta b\n', 'Buongiorno,', '', ""visiter√≤ la reggia a novembre. Visto che i giardini chiudono il primo pomeriggio, pensavo di iniziare la visita da l√¨. Per√≤ ho paura di perdermi il teatro di corte che chiude alle 13. Qualcuno mi pu√≤ confermare se √® possibile visitare il teatro appena arrivata, proseguire con i giardini e infine gli appartamenti? grazie per l'aiuto"", '---- new post text ---- \n']",Female,"Information about visiting order (The user requires confirmation about the visiting order of the theatre, gardens, and apartments of a certain place), Timing information (The user needs detailed information about the operating hours of the different sections of the place visited), Guided tour (The user may require a guided tour to avoid any confusion during her visit)",Tourist
Anita L,Piemonte,,"assistant: Sex: Female, Need: Housing Affordability (Needs information about the affordability of houses in different regions), Area Evaluation (Interested to know about the living conditions in Fabbrichetta region), User: Local.","Generate birth sex(from username), user type and associated need, with this format: Sex: [Male] or [Female] or Uncertain, Need: [need1] (description of need) 2), [need2] (description of need), etc and User: [user]. (Examples of users can be Tourist, Student, Local, etc)Also is very important that if no user or need can be precisely derivated from the text provided, you should write me ""Impossibile"". I need short-medium sentences for needs. One, two or three words maximum for the user description. Answer with a single sentence . Text provided:
['--- New element head ---\n', 'City of request is: Piemonte\n', 'City of provenience: \n', 'Username: Anita L\n', 'Ciao a tutti', '', 'Probabilmente comprer√≤ in zona Fabbrichetta. Noto che le case costano meno e se son ristrutturate sembrano decisamente meno costose e sembrano un ottimo qualit√† prezzo rispetto a zone cenisia o borgo San Paolo. Per anni ho vissuto in Borgo San Paolo ma i prezzi delle case sono alle stelle. Com √® la zona Fabbrichetta? Tranquilla, si vive bene?', '---- new post text ---- \n']",Female,"Housing Affordability (Needs information about the affordability of houses in different regions), Area Evaluation (Interested to know about the living conditions in Fabbrichetta region)",Local
Illy,Bologna,,"assistant: Sex: Uncertain, Need: [Find Workshop] (Looking for a workshop in Bologna where children can learn to make tortellini hands-on), User: Tourist.","Generate birth sex(from username), user type and associated need, with this format: Sex: [Male] or [Female] or Uncertain, Need: [need1] (description of need) 2), [need2] (description of need), etc and User: [user]. (Examples of users can be Tourist, Student, Local, etc)Also is very important that if no user or need can be precisely derivated from the text provided, you should write me ""Impossibile"". I need short-medium sentences for needs. One, two or three words maximum for the user description. Answer with a single sentence . Text provided:
['--- New element head ---\n', 'City of request is: Bologna\n', 'City of provenience: \n', 'Username: Illy\n', 'Ciao a tutti,', '', ""a breve sar√≤ a Bologna con due bambini, mi piacerebbe coinvolgerli in un'esperienza in cui possano mettere le mani in pasta e imparare a fare i tortellini, sapete darmi qualche dritta su come trovare qualcuno che organizza qualcosa del genere?grazie mille"", '---- new post text ---- \n']",Uncertain,[Find Workshop] (Looking for a workshop in Bologna where children can learn to make tortellini hands-on),Tourist
Marianna,Arezzo,"Lauria, Italia","assistant: Sex: Female, Need: 1) Information about distance and road conditions between certain locations (The user is planning to visit Christmas markets in Arezzo and wants to know if certain accommodations are too far and about the conditions of the roads), 2) Available accommodations (The user is having trouble finding accommodations closer to her destination and is seeking advice). User: Tourist.","Generate birth sex(from username), user type and associated need, with this format: Sex: [Male] or [Female] or Uncertain, Need: [need1] (description of need) 2), [need2] (description of need), etc and User: [user]. (Examples of users can be Tourist, Student, Local, etc)Also is very important that if no user or need can be precisely derivated from the text provided, you should write me ""Impossibile"". I need short-medium sentences for needs. One, two or three words maximum for the user description. Answer with a single sentence . Text provided:
['--- New element head ---\n', 'City of request is: Arezzo\n', 'City of provenience: Lauria, Italia\n', 'Username: Marianna\n', 'Buon pomeriggio a tutti ho intenzione di vedere i mercatini di natale ad Arezzo dal 8 al-10 dicembre dando un occhiata per gli alloggi ho trovato a san Sepolcro e san Giustino valdarno volevo chiedere se sono troppo lontani e le condizioni delle strade. Purtroppo pi√π vicino tutto esaurito gi√†. Grazie a chi mi sapr√† dare info', '---- new post text ---- \n']",Female,"Information about distance and road conditions between certain locations (The user is planning to visit Christmas markets in Arezzo and wants to know if certain accommodations are too far and about the conditions of the roads), 2) Available accommodations (The user is having trouble finding accommodations closer to her destination and is seeking advice)",Tourist
Iaia C,Roma,"Roma, Italia","assistant: Sex: Female, Need: Museum Reservation (This user needs to reserve a spot at a museum), Historical Exploration (Showing interest in archaeological discovery), User: Local.","Generate birth sex(from username), user type and associated need, with this format: Sex: [Male] or [Female] or Uncertain, Need: [need1] (description of need) 2), [need2] (description of need), etc and User: [user]. (Examples of users can be Tourist, Student, Local, etc)Also is very important that if no user or need can be precisely derivated from the text provided, you should write me ""Impossibile"". I need short-medium sentences for needs. One, two or three words maximum for the user description. Answer with a single sentence . Text provided:
['--- New element head ---\n', 'City of request is: Roma\n', 'City of provenience: Roma, Italia\n', 'Username: Iaia C\n', 'Da domani 23 giugno saranno per la prima volta esposti al pubblico i bronzi di San Casciano, eccezionale e recentissima scoperta archeologica.', '', 'La mostra √® al Quirinale, con prenotazione obbligatoria. Dal 23 giugno al 25 luglio e dal 2 settembre al 29 ottobre.', '', 'https://palazzo.quirinale.it/mostre/2023_bronzi-sancasciano/bronzi-sancasciano_home.html', '---- new post text ---- \n']",Female,"Museum Reservation (This user needs to reserve a spot at a museum), Historical Exploration (Showing interest in archaeological discovery)",Local
LuLa üáÆüá™ ‚òÄÔ∏è,Roma,"Roma, Italia","assistant: Sex: Uncertain, User: Tourist, Need: Information about local cultural events (Desire to know the dates and locations of ongoing events), Transportation details (Need to know the transport logistics to reach event location).","Generate birth sex(from username), user type and associated need, with this format: Sex: [Male] or [Female] or Uncertain, Need: [need1] (description of need) 2), [need2] (description of need), etc and User: [user]. (Examples of users can be Tourist, Student, Local, etc)Also is very important that if no user or need can be precisely derivated from the text provided, you should write me ""Impossibile"". I need short-medium sentences for needs. One, two or three words maximum for the user description. Answer with a single sentence . Text provided:
['--- New element head ---\n', 'City of request is: Roma\n', 'City of provenience: Roma, Italia\n', 'Username: LuLa üáÆüá™ ‚òÄÔ∏è\n', 'fino al\xa023 Novembre 2023', '', '', '', 'Auditorium Parco della Musica Ennio Morricone', '', '', '', 'Viale Pietro De Coubertin, 30', '', '', '', '', '', '', '', '', '', '', '', '""Giunto alla\xa047¬∞ edizione, torna uno dei pi√π importanti appuntamenti internazionali della Capitale,\xa0il\xa0Roma Jazz Festival,\xa0che\xa0a novembre\xa0animer√† la citt√† con\xa0una serie di concerti imperdibili tra l‚ÄôAuditorium Parco della Musica Ennio Morricone\xa0e\xa0la\xa0Casa del Jazz.""', '', '', '', '', '', 'https://www.turismoroma.it/it/eventi/roma-jazz-festival-1', '---- new post text ---- \n']",Female,"Information about local cultural events (Desire to know the dates and locations of ongoing events), Transportation details (Need to know the transport logistics to reach event location)",Tourist
Ana Maria L,Citt√† del Vaticano,,"assistant: Sex: Female, Need: Ticket Purchase Guidance (Information on how and when to purchase museum tickets), Museum Recommendations (Suggestions for art museums besides Palacio Colonna), User: Tourist.","Generate birth sex(from username), user type and associated need, with this format: Sex: [Male] or [Female] or Uncertain, Need: [need1] (description of need) 2), [need2] (description of need), etc and User: [user]. (Examples of users can be Tourist, Student, Local, etc)Also is very important that if no user or need can be precisely derivated from the text provided, you should write me ""Impossibile"". I need short-medium sentences for needs. One, two or three words maximum for the user description. Answer with a single sentence . Text provided:
['--- New element head ---\n', 'City of request is: Citt√† del Vaticano\n', 'City of provenience: \n', 'Username: Ana Maria L\n', ""Buongiorno, sto cercando di acquistare i biglietti per febbraio 2024 sul sito ufficiale dei Musei Vaticani e non trovo la possibilit√† di acquistare oltre dicembre... Sbaglio come avviene l'acquisto sul sito ufficiale? Quando dovrei comprarli? E lungo la strada chiedo: quale altro museo d'arte mi consigliate (oltre a Palacio Colonna, dato che con il mio tour ho solo domenica e luned√¨ liberi). Grazie mille!!"", '---- new post text ---- \n']",Female,"Ticket Purchase Guidance (Information on how and when to purchase museum tickets), Museum Recommendations (Suggestions for art museums besides Palacio Colonna)",Tourist
LuLa üáÆüá™ ‚òÄÔ∏è,Citt√† del Vaticano,"Roma, Italia","assistant: Sex: Uncertain, User: Tourist, Need: Information about Vatican Christmas events (Want to learn more about the Nativity representation and the monumental Christmas tree that will be installed in St. Peter's Square in 2023).","Generate birth sex(from username), user type and associated need, with this format: Sex: [Male] or [Female] or Uncertain, Need: [need1] (description of need) 2), [need2] (description of need), etc and User: [user]. (Examples of users can be Tourist, Student, Local, etc)Also is very important that if no user or need can be precisely derivated from the text provided, you should write me ""Impossibile"". I need short-medium sentences for needs. One, two or three words maximum for the user description. Answer with a single sentence . Text provided:
['--- New element head ---\n', 'City of request is: Citt√† del Vaticano\n', 'City of provenience: Roma, Italia\n', 'Username: LuLa üáÆüá™ ‚òÄÔ∏è\n', 'I presepi e l‚Äôalbero', '', 'in Vaticano per il Natale 2023', '', '', '', '', '', '', '', '""Giungono rispettivamente da Greccio, in diocesi di Rieti, e dall‚Äôalta valle Maira ‚Äî nel comune di Macra, in diocesi di Saluzzo e provincia di Cuneo ‚Äî la rappresentazione della Nativit√† e il monumentale albero di Natale che saranno allestiti quest‚Äôanno in piazza San Pietro.""', '', '', '', '', '', '', '', 'https://www.osservatoreromano.va/it/news/2023-10/quo-250/i-presepi-e-l-albero-in-vaticano-per-il-natale-2023.html', '---- new post text ---- \n']",Unknown,Unknown,Unknown
Silvia,Sicilia,Spagna,"assistant: Sex: Female, Need: 1) Transportation advice (Optimal way to reach Palermo city center from Carini) 2) Parking suggestions (Considering traffic, ZTL, and parking difficulty), User: Tourist.","Generate birth sex(from username), user type and associated need, with this format: Sex: [Male] or [Female] or Uncertain, Need: [need1] (description of need) 2), [need2] (description of need), etc and User: [user]. (Examples of users can be Tourist, Student, Local, etc)Also is very important that if no user or need can be precisely derivated from the text provided, you should write me ""Impossibile"". I need short-medium sentences for needs. One, two or three words maximum for the user description. Answer with a single sentence . Text provided:
['--- New element head ---\n', 'City of request is: Sicilia\n', 'City of provenience: Spagna\n', 'Username: Silvia\n', 'Ciao a tutti! Mi consigliate il miglior modo di raggiungere il centro di Palermo da Carini dove saremo alloggiati? Abbiamo auto a noleggio, ma considerando il traffico, la ZTL e la difficolt√† di parcheggio non so se √® una buona idea andarci in macchina.', '', ""P.S.: dobbiamo trovarci in piazza dell'Olivella alle ore 10 perch√® da l√¨ parte il nostro tour della citt√†. Grazie a chi mi risponder√† üòâ"", '---- new post text ---- \n']",Female,"1) Transportation advice (Optimal way to reach Palermo city center from Carini) 2) Parking suggestions (Considering traffic, ZTL, and parking difficulty)",Tourist
LuLa üáÆüá™ ‚òÄÔ∏è,Roma,"Roma, Italia","assistant: Sex: Uncertain, User: Tourist, Need: 1) Exhibition Information (Details about the art exhibition by Jacovitti), 2) Event Duration (Knows the duration of the exhibition 'till 18 February 2024), 3) Location Details (Information about the event location that is in Roma).","Generate birth sex(from username), user type and associated need, with this format: Sex: [Male] or [Female] or Uncertain, Need: [need1] (description of need) 2), [need2] (description of need), etc and User: [user]. (Examples of users can be Tourist, Student, Local, etc)Also is very important that if no user or need can be precisely derivated from the text provided, you should write me ""Impossibile"". I need short-medium sentences for needs. One, two or three words maximum for the user description. Answer with a single sentence . Text provided:
['--- New element head ---\n', 'City of request is: Roma\n', 'City of provenience: Roma, Italia\n', 'Username: LuLa üáÆüá™ ‚òÄÔ∏è\n', '""A cento anni dalla nascita, in mostra il mondo fantastico, giocoso, scomodo e irriverente di Jacovitti"".', '', '', '', '', '', '""L\'incontenibile arte dell\'umorismo""', '', '', '', 'extra MAXXI', '', 'a cura di\xa0Dino Aloi\xa0e\xa0Silvia Jacovitti\xa0con\xa0Giulia Ferracci', '', '', '', '', '', '', '', '', '', 'fino al 18 Febbraio 2024', '', '', '', '', '', 'https://www.maxxi.art/events/jacovittissimevolmente/', '---- new post text ---- \n']",Unknown,Unknown,Unknown
genovaxnoi,Padova,Bassano Del Grappa,assistant: Impossibile,"Generate birth sex(from username), user type and associated need, with this format: Sex: [Male] or [Female] or Uncertain, Need: [need1] (description of need) 2), [need2] (description of need), etc and User: [user]. (Examples of users can be Tourist, Student, Local, etc)Also is very important that if no user or need can be precisely derivated from the text provided, you should write me ""Impossibile"". I need short-medium sentences for needs. One, two or three words maximum for the user description. Answer with a single sentence . Text provided:
['--- New element head ---\n', 'City of request is: Padova\n', 'City of provenience: Bassano Del Grappa\n', 'Username: genovaxnoi\n', ""Nel week-end (da venerd√¨ a domenica sera) √® possibile lasciare l'auto sulle strisce blu? √à gratuito?"", '', 'Zona Arcella si trova posto? √à tranquillo?', '', 'Grazie mille', '---- new post text ---- \n']",Unknown,Unknown,Unknown
puffin58,Provincia di Lucca,"Firenze, Italia","assistant: Sex: Uncertain, Need: 1) Information about local trekking routes (The user seems interested in finding out about different trekking routes in Italy.), 2) Local Cuisine Information (The user seems to be looking for information about local Italian dishes and restaurants.) User: Tourist.","Generate birth sex(from username), user type and associated need, with this format: Sex: [Male] or [Female] or Uncertain, Need: [need1] (description of need) 2), [need2] (description of need), etc and User: [user]. (Examples of users can be Tourist, Student, Local, etc)Also is very important that if no user or need can be precisely derivated from the text provided, you should write me ""Impossibile"". I need short-medium sentences for needs. One, two or three words maximum for the user description. Answer with a single sentence . Text provided:
['--- New element head ---\n', 'City of request is: Provincia di Lucca\n', 'City of provenience: Firenze, Italia\n', 'Username: puffin58\n', '""Ed ecco appresso', '', 'sta il Corchia aspro, e il nudo Pietra Pana,', '', 'cui la montagna forata s‚Äôaddossa', '', 'd‚Äôimmane ponte adamantino a foggia,', '', 'ch‚Äôarte tu credi eppur natura eresse!""', '', '(Giuseppe Tigri)', '', 'Si inizia dalla leggenda:', '', 'https://www.welcome2lucca.com/il-monte-forato/', '', 'Si continua con un percorso di trekking:', '', 'https://www.goodtrekking.it/percorsi/italia/trekking-toscana/monte-forato-il-trekking-piu-fotogenico-delle-alpi-apuane/', '', 'E si finisce in trattoria, anzi, in norcineria:', '', 'http://www.norcineriabarsanti.it/index.htm', '---- new post text ---- \n']",Unknown,Unknown,Unknown
fridavp,Provincia di Catania,"Napoli, Italia","assistant: Sex: Uncertain, User: Tourist, Need: 1) Child-friendly Activities (finding recreational and cultural activities suitable for a 4 year old child), 2) Event Information (inquiry about any special events organized during their planned stay), 3) Restaurant Suggestions (looking for recommendations on where to eat local specialties at reasonable prices).","Generate birth sex(from username), user type and associated need, with this format: Sex: [Male] or [Female] or Uncertain, Need: [need1] (description of need) 2), [need2] (description of need), etc and User: [user]. (Examples of users can be Tourist, Student, Local, etc)Also is very important that if no user or need can be precisely derivated from the text provided, you should write me ""Impossibile"". I need short-medium sentences for needs. One, two or three words maximum for the user description. Answer with a single sentence . Text provided:
['--- New element head ---\n', 'City of request is: Provincia di Catania\n', 'City of provenience: Napoli, Italia\n', 'Username: fridavp\n', 'Ciao a tutti,', '', 'sar√≤ a Catania il mese prossimo con mio nipote di anni 4 mi chiedevo se ci siano attivit√† ricreative e culturali da poter fare con lui.', '', ""Staremo li il week end dell'immacolata, organizzano qualcosa di particolare in quei giorni? Tipo mercatini di natale, bancarelle?"", '', 'Inoltre so che li si mangia bene, che regna lo street food ma potete indicarmi un ristorante -trattoria carina in cui mangiare le specialit√† del posto a prezzi ragionevoli?', '', 'Ringrazio anticipatamente', '---- new post text ---- \n']",Unknown,Unknown,Unknown
Matteo Z,Riviera ligure,"Genova, Italia","assistant: Sex: Male, Need: Weather updates (real-time updates on weather conditions), Emergency services (access to immediate services during severe weather conditions), User: Local.","Generate birth sex(from username), user type and associated need, with this format: Sex: [Male] or [Female] or Uncertain, Need: [need1] (description of need) 2), [need2] (description of need), etc and User: [user]. (Examples of users can be Tourist, Student, Local, etc)Also is very important that if no user or need can be precisely derivated from the text provided, you should write me ""Impossibile"". I need short-medium sentences for needs. One, two or three words maximum for the user description. Answer with a single sentence . Text provided:
['--- New element head ---\n', 'City of request is: Riviera ligure\n', 'City of provenience: Genova, Italia\n', 'Username: Matteo Z\n', ""E' stata divulgata l'allerta meteo gialla per temporali dalle ore 6 alle ore 19 su tutto il levante e parte del ponente ligure. Per maggiori informazioni ed aggiornamenti controllare sempre il sito ufficiale della regione:"", '', 'http://www.allertaliguria.gov.it/', '---- new post text ---- \n']",Male,"Weather updates (real-time updates on weather conditions), Emergency services (access to immediate services during severe weather conditions)",Local
Mario C.,Livigno,,"assistant: Sex: Male, Need: 1) Travel Advice (Information on best routes and conditions for a trip to Livigno), 2) Driving Tips (Guidance on handling high altitude, snowy mountainous roads), 3) Alternative Locations (Suggestions for easy to reach locations similar to Livigno), and User: Tourist.","Generate birth sex(from username), user type and associated need, with this format: Sex: [Male] or [Female] or Uncertain, Need: [need1] (description of need) 2), [need2] (description of need), etc and User: [user]. (Examples of users can be Tourist, Student, Local, etc)Also is very important that if no user or need can be precisely derivated from the text provided, you should write me ""Impossibile"". I need short-medium sentences for needs. One, two or three words maximum for the user description. Answer with a single sentence . Text provided:
['--- New element head ---\n', 'City of request is: Livigno\n', 'City of provenience: \n', 'Username: Mario C.\n', 'Buongiorno a tutti!', '', ""Siamo una giovane coppia e vorremmo tentare la strada per arrivare a Livigno ,nel periodo natalizio, partendo da Milano. io non sono pi√π neopatentato mentre la mi compagna si ed entrambi abbiamo zero esperienza su strade di alta montagna, siamo arrivati fino ai 800 massimo 900 metri di altitudine. l'auto che adopereremmo √® automatica."", '', 'poste tutte le premesse ci consigliate o sconsigliate di andare con la macchina? le strade sono molte strette e tanto pericolose in condizioni di neve/ghiaccio? eventualmente ci sono percorsi con strade di ""facile"" percorrenza?', '', 'in alternativa stavamo considerando Bormio.', '', 'grazie per chiunque mi risponde!!', '---- new post text ---- \n']",Unknown,Unknown,Unknown
Sabrina M,Bologna,"Bologna, Italia","assistant: Sex: Female, Need: 1) Transportation Advice (Information to move from the Bologna station to Marconi airport excluding Marconi Express), 2) Cost Inquiry (Wants to know the cost of taxi), User: Local.","Generate birth sex(from username), user type and associated need, with this format: Sex: [Male] or [Female] or Uncertain, Need: [need1] (description of need) 2), [need2] (description of need), etc and User: [user]. (Examples of users can be Tourist, Student, Local, etc)Also is very important that if no user or need can be precisely derivated from the text provided, you should write me ""Impossibile"". I need short-medium sentences for needs. One, two or three words maximum for the user description. Answer with a single sentence . Text provided:
['--- New element head ---\n', 'City of request is: Bologna\n', 'City of provenience: Bologna, Italia\n', 'Username: Sabrina M\n', 'Buongiorno, per spostarsi dall stazione di bologna all aeroporto Marconi, escludenil Marconi Express, come si pu√≤ fare? esiate ancora l Aerobus? oppure costo del taxi? grazie', '---- new post text ---- \n']",Female,"1) Transportation Advice (Information to move from the Bologna station to Marconi airport excluding Marconi Express), 2) Cost Inquiry (Wants to know the cost of taxi)",Local
Attila,Matera,"Lecce, Italia","assistant: Sex: Uncertain, Need: Accommodation (a B&B with parking to visit the live nativity scene in Matera), Ticket Assurance (assurance of the entry ticket for the nativity scene), User: Tourist.","Generate birth sex(from username), user type and associated need, with this format: Sex: [Male] or [Female] or Uncertain, Need: [need1] (description of need) 2), [need2] (description of need), etc and User: [user]. (Examples of users can be Tourist, Student, Local, etc)Also is very important that if no user or need can be precisely derivated from the text provided, you should write me ""Impossibile"". I need short-medium sentences for needs. One, two or three words maximum for the user description. Answer with a single sentence . Text provided:
['--- New element head ---\n', 'City of request is: Matera\n', 'City of provenience: Lecce, Italia\n', 'Username: Attila\n', ""Buongiorno, qualcuno saprebbe consigliarmi un bel B&B con posto auto per poter visitare il presepe vivente di Matera per il giorno 8 dicembre? Mi serve che sia convenzionato con l'ingresso al presepe, che mi possa garantire il biglietto d'ingresso per quel giorno. Grazie."", '---- new post text ---- \n']",Uncertain,"Accommodation (a B&B with parking to visit the live nativity scene in Matera), Ticket Assurance (assurance of the entry ticket for the nativity scene)",Tourist
Matteo Z,Genova,"Genova, Italia","assistant: Sex: Male, Need: Access to library services (Access to reading materials for fathers), Need: Location related services (Specific services related to the city of Genova), and User: Local.","Generate birth sex(from username), user type and associated need, with this format: Sex: [Male] or [Female] or Uncertain, Need: [need1] (description of need) 2), [need2] (description of need), etc and User: [user]. (Examples of users can be Tourist, Student, Local, etc)Also is very important that if no user or need can be precisely derivated from the text provided, you should write me ""Impossibile"". I need short-medium sentences for needs. One, two or three words maximum for the user description. Answer with a single sentence . Text provided:
['--- New element head ---\n', 'City of request is: Genova\n', 'City of provenience: Genova, Italia\n', 'Username: Matteo Z\n', 'Biblioteche, a marzo letture al telefono dedicate ai pap√†', '', 'https://smart.comune.genova.it/comunicati-stampa-articoli/biblioteche-marzo-letture-al-telefono-dedicate-ai-pap%C3%A0', '---- new post text ---- \n']",Unknown,Unknown,Unknown
Matteo Z,Genova,"Genova, Italia","assistant: Sex: Male, Need: Information about local museums (Specifically updated hours or scheduled changes), User: Local.","Generate birth sex(from username), user type and associated need, with this format: Sex: [Male] or [Female] or Uncertain, Need: [need1] (description of need) 2), [need2] (description of need), etc and User: [user]. (Examples of users can be Tourist, Student, Local, etc)Also is very important that if no user or need can be precisely derivated from the text provided, you should write me ""Impossibile"". I need short-medium sentences for needs. One, two or three words maximum for the user description. Answer with a single sentence . Text provided:
['--- New element head ---\n', 'City of request is: Genova\n', 'City of provenience: Genova, Italia\n', 'Username: Matteo Z\n', 'Ciao a tutti', '', ""Da luned√¨ entrer√† in vigore l'orario invernale per i musei civici:"", '', 'http://www.comune.genova.it/node/53367', '---- new post text ---- \n']",Male,Information about local museums (Specifically updated hours or scheduled changes),Local
Gioia B,Marche,Provincia di,"assistant: Sex: Female, Need: 1) Accommodation suggestions (Looking for places to stay in Cupra Marittima) 2) Entertainment suggestions (Interested in visiting local villages during the day and enjoying the beach in the evening), User: Tourist.","Generate birth sex(from username), user type and associated need, with this format: Sex: [Male] or [Female] or Uncertain, Need: [need1] (description of need) 2), [need2] (description of need), etc and User: [user]. (Examples of users can be Tourist, Student, Local, etc)Also is very important that if no user or need can be precisely derivated from the text provided, you should write me ""Impossibile"". I need short-medium sentences for needs. One, two or three words maximum for the user description. Answer with a single sentence . Text provided:
['--- New element head ---\n', 'City of request is: Marche\n', 'City of provenience: Provincia di\n', 'Username: Gioia B\n', 'Buongiorno,', '', 'A inizio settembre saremo 10 giorni nelle Marche, alloggeremo a Cupra Marittima.', '', 'Siamo con un bambino di un anno, ci piacerebbe fare mare alla sera e visitare qualche borgo di giorno.', '', 'Quali sono le mete irrinunciabili secondo voi?', '', 'Che magari distino massimo un‚Äôora da Cupra.', '', 'Grazie in anticipo a tutti!', '---- new post text ---- \n']",Female,1) Accommodation suggestions (Looking for places to stay in Cupra Marittima) 2) Entertainment suggestions (Interested in visiting local villages during the day and enjoying the beach in the evening),Tourist
Illy,Emilia-Romagna,,"assistant: Sex: Uncertain, Need: Transportation Information (needs information on shuttles to various cheese factories in Bologna, Parma and/or Modena), Cheese Factory Visit Booking (needs assistance in choosing from many cheese factories and booking visits), User: Tourist.","Generate birth sex(from username), user type and associated need, with this format: Sex: [Male] or [Female] or Uncertain, Need: [need1] (description of need) 2), [need2] (description of need), etc and User: [user]. (Examples of users can be Tourist, Student, Local, etc)Also is very important that if no user or need can be precisely derivated from the text provided, you should write me ""Impossibile"". I need short-medium sentences for needs. One, two or three words maximum for the user description. Answer with a single sentence . Text provided:
['--- New element head ---\n', 'City of request is: Emilia-Romagna\n', 'City of provenience: \n', 'Username: Illy\n', 'Ciao a tutti,', '', 'apro una discussione a parte per chiedervi informazioni sulle visite ai caseifici del Parmigiano Reggiano, premettendo che non avremo la macchina e che staremo di base a Bologna, secondo voi √® fattibile?ci sono delle navette per i vari caseifici delle zone di Bologna, Parma e/o Modena?', '', 'ho visto che le visite sono prenotabili dal sito del parmigiano reggiano ma mi preoccupano gli spostamenti e in pi√π ci sono tantissimi caseifici tra cui scegliere!', '---- new post text ---- \n']",Uncertain,"Transportation Information (needs information on shuttles to various cheese factories in Bologna, Parma and/or Modena), Cheese Factory Visit Booking (needs assistance in choosing from many cheese factories and booking visits)",Tourist
Marchigiano2016,Ascoli Piceno,"Marche, Italia","assistant: Sex: Male, User: Local, Need: 1) Information on local events (the user seems interested in a local manifestation taking place in Ascoli Piceno), 2) Tourism details (the user may need more specific information about the event such as schedule, venue, etc. provided on the link). ","Generate birth sex(from username), user type and associated need, with this format: Sex: [Male] or [Female] or Uncertain, Need: [need1] (description of need) 2), [need2] (description of need), etc and User: [user]. (Examples of users can be Tourist, Student, Local, etc)Also is very important that if no user or need can be precisely derivated from the text provided, you should write me ""Impossibile"". I need short-medium sentences for needs. One, two or three words maximum for the user description. Answer with a single sentence . Text provided:
['--- New element head ---\n', 'City of request is: Ascoli Piceno\n', 'City of provenience: Marche, Italia\n', 'Username: Marchigiano2016\n', 'Tutto sulla manifestazione.', '', 'http://www.quintanadiascoli.it/', '---- new post text ---- \n']",Unknown,Unknown,Unknown
marina m,Ascoli Piceno,"Roma, Italia","assistant: Sex: Female, Need: Free Parking (Needs to find places where she can park for free in Ascoli), User: Tourist.","Generate birth sex(from username), user type and associated need, with this format: Sex: [Male] or [Female] or Uncertain, Need: [need1] (description of need) 2), [need2] (description of need), etc and User: [user]. (Examples of users can be Tourist, Student, Local, etc)Also is very important that if no user or need can be precisely derivated from the text provided, you should write me ""Impossibile"". I need short-medium sentences for needs. One, two or three words maximum for the user description. Answer with a single sentence . Text provided:
['--- New element head ---\n', 'City of request is: Ascoli Piceno\n', 'City of provenience: Roma, Italia\n', 'Username: marina m\n', 'Dove posso parcheggiare a Ascoli gratuitamente ?', '---- new post text ---- \n']",Female,Free Parking (Needs to find places where she can park for free in Ascoli),Tourist
Giuseppe,Torino,"Siracusa, Italia","assistant: Sex: Male, Need: 1) Accommodation Advice (Suggestions on where to stay in Moncalieri) 2) Travel Guidance (Recommendations for sites to visit in Torino and Milano and advice for transportation options), 3) Dining Options (Recommendations for a typical trattoria and a churrascheria), User: Tourist.","Generate birth sex(from username), user type and associated need, with this format: Sex: [Male] or [Female] or Uncertain, Need: [need1] (description of need) 2), [need2] (description of need), etc and User: [user]. (Examples of users can be Tourist, Student, Local, etc)Also is very important that if no user or need can be precisely derivated from the text provided, you should write me ""Impossibile"". I need short-medium sentences for needs. One, two or three words maximum for the user description. Answer with a single sentence . Text provided:
['--- New element head ---\n', 'City of request is: Torino\n', 'City of provenience: Siracusa, Italia\n', 'Username: Giuseppe\n', 'Buonasera a tutta la community. Giorno 10 arriamo a Torino per passare un week end con mia moglie. Alloggeremo a Moncalieri , giorno 11 andremo allo stadio per vedere la Juve e domenica ci piacerebbe andare a Milano per eicma 2023. Nella giornata di venerd√¨ 10 e sabato mattina, ci piacerebbe fare una giro per la citt√† e se possibile con i tempi andare a Superga . Mentre la giornata di domenica la dedichiamo per stare a Milano. Potre consigliarci un programma sulle giornate descritte ? Sabato sera mi piacerebbe andare in una churrascheria e venerd√¨ in una trattoria per mangiare qualcosa di tipico . Attendo i vostri consigli anche su come conviene spostarsi . Grazie', '---- new post text ---- \n']",Male,"1) Accommodation Advice (Suggestions on where to stay in Moncalieri) 2) Travel Guidance (Recommendations for sites to visit in Torino and Milano and advice for transportation options), 3) Dining Options (Recommendations for a typical trattoria and a churrascheria)",Tourist
Matteo Z,Cinque Terre,"Genova, Italia","assistant: Sex: Male, Need: Safe Outdoor Activities (Considering the cessation of selling of 5T trekking cards due to an alert, the user may be seeking safe outdoor activities), Reliable Information (The user may also need reliable information on whether it's advisable to follow certain trails or return home), User: Local.","Generate birth sex(from username), user type and associated need, with this format: Sex: [Male] or [Female] or Uncertain, Need: [need1] (description of need) 2), [need2] (description of need), etc and User: [user]. (Examples of users can be Tourist, Student, Local, etc)Also is very important that if no user or need can be precisely derivated from the text provided, you should write me ""Impossibile"". I need short-medium sentences for needs. One, two or three words maximum for the user description. Answer with a single sentence . Text provided:
['--- New element head ---\n', 'City of request is: Cinque Terre\n', 'City of provenience: Genova, Italia\n', 'Username: Matteo Z\n', ""Visto il protrarsi dell'allerta √® stata interrotta la vendita delle 5T card trekking e si raccomanda di non percorre i sentieri e se qualcuno √® gi√† per sentieri a tornare a casa"", '', 'http://www.parconazionale5terre.it/dettaglio.php?id=60766', '---- new post text ---- \n']",Male,"Safe Outdoor Activities (Considering the cessation of selling of 5T trekking cards due to an alert, the user may be seeking safe outdoor activities), Reliable Information (The user may also need reliable information on whether it's advisable to follow certain trails or return home)",Local
arcchi67,Obereggen,lazio,"assistant: Sex: Male, Need: Suitable Skipass (The user needs suggestions on which skipass is best to purchase while staying in Obereggen) and User: Tourist.","Generate birth sex(from username), user type and associated need, with this format: Sex: [Male] or [Female] or Uncertain, Need: [need1] (description of need) 2), [need2] (description of need), etc and User: [user]. (Examples of users can be Tourist, Student, Local, etc)Also is very important that if no user or need can be precisely derivated from the text provided, you should write me ""Impossibile"". I need short-medium sentences for needs. One, two or three words maximum for the user description. Answer with a single sentence . Text provided:
['--- New element head ---\n', 'City of request is: Obereggen\n', 'City of provenience: lazio\n', 'Username: arcchi67\n', 'Buonasera alloggiando a obereggen quale skipass conviene fare ?', '', 'Grazie', '---- new post text ---- \n']",Unknown,Unknown,Unknown
Matteo Z,Provincia di Genova,"Genova, Italia","assistant: Sex: Male, Need: 1) Weather Updates (Information regarding climate conditions) 2) Road Closure Details (Updates about blocked roads), and User: Local.","Generate birth sex(from username), user type and associated need, with this format: Sex: [Male] or [Female] or Uncertain, Need: [need1] (description of need) 2), [need2] (description of need), etc and User: [user]. (Examples of users can be Tourist, Student, Local, etc)Also is very important that if no user or need can be precisely derivated from the text provided, you should write me ""Impossibile"". I need short-medium sentences for needs. One, two or three words maximum for the user description. Answer with a single sentence . Text provided:
['--- New element head ---\n', 'City of request is: Provincia di Genova\n', 'City of provenience: Genova, Italia\n', 'Username: Matteo Z\n', 'Maltempo nel levante, frana anche a Ne: chiusa strada tra Nascio e Cassagna', '', 'https://www.primocanale.it/cronaca/33147-maltempo-levante-frana-ne-chiusa-strada-nascio-cassagna.html', '---- new post text ---- \n']",Unknown,Unknown,Unknown
Matteo Z,Provincia di Genova,"Genova, Italia","assistant: Sex: Male, Need: 1) Ciaspolata Information (Details about planned snowshoeing events in January) 2) Local Activities (Information about what to do in Genova), User: Local.","Generate birth sex(from username), user type and associated need, with this format: Sex: [Male] or [Female] or Uncertain, Need: [need1] (description of need) 2), [need2] (description of need), etc and User: [user]. (Examples of users can be Tourist, Student, Local, etc)Also is very important that if no user or need can be precisely derivated from the text provided, you should write me ""Impossibile"". I need short-medium sentences for needs. One, two or three words maximum for the user description. Answer with a single sentence . Text provided:
['--- New element head ---\n', 'City of request is: Provincia di Genova\n', 'City of provenience: Genova, Italia\n', 'Username: Matteo Z\n', 'Nel mese di gennaio in programma due ciaspolate sulla neve', '', 'http://www.parcoaveto.it/man.php', '---- new post text ---- \n']",Male,1) Ciaspolata Information (Details about planned snowshoeing events in January) 2) Local Activities (Information about what to do in Genova),Local
Matteo Z,Genova,"Genova, Italia","assistant: Sex: Male, Need: Traffic Information (Guidelines and suggestions for navigating through city traffic), User: Local.","Generate birth sex(from username), user type and associated need, with this format: Sex: [Male] or [Female] or Uncertain, Need: [need1] (description of need) 2), [need2] (description of need), etc and User: [user]. (Examples of users can be Tourist, Student, Local, etc)Also is very important that if no user or need can be precisely derivated from the text provided, you should write me ""Impossibile"". I need short-medium sentences for needs. One, two or three words maximum for the user description. Answer with a single sentence . Text provided:
['--- New element head ---\n', 'City of request is: Genova\n', 'City of provenience: Genova, Italia\n', 'Username: Matteo Z\n', 'Anche oggi √® prevista una giornata difficile per chi si sposta in citt√†. Al link qualche suggerimento:', '', 'http://www.ilsecoloxix.it/p/genova/2018/03/28/ACVHXXSC-rallentamenti_secondo_cittadino.shtml', '---- new post text ---- \n']",Male,Traffic Information (Guidelines and suggestions for navigating through city traffic),Local
Francesca P,Langhe e Roero,Bassano Del Grappa,"assistant: Sex: Female, Need: Recommendations for visit (specific places to see or activities in Langhe e Roero), Food and drink (restaurants, eateries, or bars for dinner and appetizer), User: Tourist.","Generate birth sex(from username), user type and associated need, with this format: Sex: [Male] or [Female] or Uncertain, Need: [need1] (description of need) 2), [need2] (description of need), etc and User: [user]. (Examples of users can be Tourist, Student, Local, etc)Also is very important that if no user or need can be precisely derivated from the text provided, you should write me ""Impossibile"". I need short-medium sentences for needs. One, two or three words maximum for the user description. Answer with a single sentence . Text provided:
['--- New element head ---\n', 'City of request is: Langhe e Roero\n', 'City of provenience: Bassano Del Grappa\n', 'Username: Francesca P\n', 'Ciao! Siamo qui nelle langhe e stasera abbiamo cena a neive, prima vorremmo visitare il borgo e fare un aperitivo in un posto non pettinato, avete consigli? Grazie!', '---- new post text ---- \n']",Female,"Recommendations for visit (specific places to see or activities in Langhe e Roero), Food and drink (restaurants, eateries, or bars for dinner and appetizer)",Tourist
Barbara M,Provincia di Torino,"Torino, Italia","assistant: Sex: Female, Need: Local event information (Information about a local fruit market in Torino), Tourist guidance (Guidance on navigating local markets and shops), Gastronomy interest (Interest in local culinary and artisanal offerings), and Travel dates (Staying in Cavour from November 4 to 12). User: Tourist.","Generate birth sex(from username), user type and associated need, with this format: Sex: [Male] or [Female] or Uncertain, Need: [need1] (description of need) 2), [need2] (description of need), etc and User: [user]. (Examples of users can be Tourist, Student, Local, etc)Also is very important that if no user or need can be precisely derivated from the text provided, you should write me ""Impossibile"". I need short-medium sentences for needs. One, two or three words maximum for the user description. Answer with a single sentence . Text provided:
['--- New element head ---\n', 'City of request is: Provincia di Torino\n', 'City of provenience: Torino, Italia\n', 'Username: Barbara M\n', 'dal 4 al 12 novembre a Cavour', '', 'Mostra mercato frutticola, che presenta le', '', 'migliori qualit√† di mele del Piemonte con oltre', '', '200 stand e centinaia di bancarelle: mele delle', '', 'vecchie e nuove variet√†, succulenti men√π a', '', 'base di mela, frittelle di mele, mercati e negozi', '', 'che offrono il meglio della produzione agricola,', '', 'commerciale, artigianale ed enogastronomica', '', 'locali.', '', 'Cavour - http://www.tuttomele.info', '---- new post text ---- \n']",Unknown,Unknown,Unknown
Barbara M,Provincia di Torino,"Torino, Italia","assistant: Sex: Female, Need: Information about historic kitchens (Finding more information about historic kitchens normally not accessible to the public), Castle archives (Understanding of the correct table setting and menu from the castle's document archives), Gastronomic products for special occasions (Knowing what food and wine were served during special occasions), Professionals involved in kitchen activities (Identifying the professionals involved in the castle's kitchen activities), User: Tourist.","Generate birth sex(from username), user type and associated need, with this format: Sex: [Male] or [Female] or Uncertain, Need: [need1] (description of need) 2), [need2] (description of need), etc and User: [user]. (Examples of users can be Tourist, Student, Local, etc)Also is very important that if no user or need can be precisely derivated from the text provided, you should write me ""Impossibile"". I need short-medium sentences for needs. One, two or three words maximum for the user description. Answer with a single sentence . Text provided:
['--- New element head ---\n', 'City of request is: Provincia di Torino\n', 'City of provenience: Torino, Italia\n', 'Username: Barbara M\n', '4-5, 11-12, 18-19 novembre', '', 'Caravino, Castello di Masino - fondoambiente.it', '', '', '', 'Alla scoperta degli ambienti di ricevimento,', '', 'di servizio e delle cucine storiche, normalmente non', '', 'accessibili al pubblico. Il racconto della complessa', '', 'organizzazione dei pasti si basa sui libri della', '', 'biblioteca e sui documenti dell‚Äôarchivio del Castello,', '', 'che illustrano la pi√π corretta mise en place per', '', 'allestire la tavola ed elencano cibi e vini destinati', '', 'all‚Äôalimentazione dei conti e del personale di servizio,', '', 'i prodotti gastronomici per le occasioni speciali, fino i', '', 'professionisti coinvolti nelle attivit√† della cucina.', '---- new post text ---- \n']",Female,"Information about historic kitchens (Finding more information about historic kitchens normally not accessible to the public), Castle archives (Understanding of the correct table setting and menu from the castle's document archives), Gastronomic products for special occasions (Knowing what food and wine were served during special occasions), Professionals involved in kitchen activities (Identifying the professionals involved in the castle's kitchen activities)",Tourist
Barbara M,Torino,"Torino, Italia","assistant: Sex: Female, Need: Event Information (To know about an event called TFF taking place in Torino with a focus on diversity, collaboration and innovation, with special guest Catrinel Marlon and retrospectives dedicated to Sergio Citti and John Wayne), Cultural Enrichment (Explore the unique cinema culture of Torino by attending the opening ceremony at Reggia di Venaria with Pupi Avati), User: Local.","Generate birth sex(from username), user type and associated need, with this format: Sex: [Male] or [Female] or Uncertain, Need: [need1] (description of need) 2), [need2] (description of need), etc and User: [user]. (Examples of users can be Tourist, Student, Local, etc)Also is very important that if no user or need can be precisely derivated from the text provided, you should write me ""Impossibile"". I need short-medium sentences for needs. One, two or three words maximum for the user description. Answer with a single sentence . Text provided:
['--- New element head ---\n', 'City of request is: Torino\n', 'City of provenience: Torino, Italia\n', 'Username: Barbara M\n', 'dal 24 novembre al 2 dicembre', '', 'Cinema Massimo', '', '', '', 'Ci√≤ che rende unico il TFF √® la sua attenzione per la', '', 'diversit√†, la collaborazione e l‚Äôinnovazione. Madrina', '', '2023 la modella e attrice Catrinel Marlon, retrospettive', '', 'dedicate a Sergio Citti e John Wayne. Cerimonia', '', 'd‚Äôapertura alla Reggia di Venaria con Pupi Avati.', '', 'http://www.torinofilmfest.org', '---- new post text ---- \n']",Female,"Event Information (To know about an event called TFF taking place in Torino with a focus on diversity, collaboration and innovation, with special guest Catrinel Marlon and retrospectives dedicated to Sergio Citti and John Wayne), Cultural Enrichment (Explore the unique cinema culture of Torino by attending the opening ceremony at Reggia di Venaria with Pupi Avati)",Local
Barbara M,Torino,"Torino, Italia","assistant: Sex: Female, Need: Information on Regatta Event (Details about the event such as date, time, location and other essential details), Tourism Guidance (Information about tourism attractions, accommodations, food, transportation etc in Torino), User: Local.","Generate birth sex(from username), user type and associated need, with this format: Sex: [Male] or [Female] or Uncertain, Need: [need1] (description of need) 2), [need2] (description of need), etc and User: [user]. (Examples of users can be Tourist, Student, Local, etc)Also is very important that if no user or need can be precisely derivated from the text provided, you should write me ""Impossibile"". I need short-medium sentences for needs. One, two or three words maximum for the user description. Answer with a single sentence . Text provided:
['--- New element head ---\n', 'City of request is: Torino\n', 'City of provenience: Torino, Italia\n', 'Username: Barbara M\n', 'Reale Societ√† Canottieri Cerea, fiume Po il 4 e 5 novembre', '', '', '', 'La pi√π nota e frequentata regata per singoli d‚ÄôEuropa, tra', '', 'le pi√π prestigiose al mondo: oltre mille imbarcazioni sul Po.', '', 'http://www.silverskiff.org', '---- new post text ---- \n']",Female,"Information on Regatta Event (Details about the event such as date, time, location and other essential details), Tourism Guidance (Information about tourism attractions, accommodations, food, transportation etc in Torino)",Local
Barbara M,Torino,"Torino, Italia","assistant: Sex: Female, Need: Information on Local Events (Information regarding upcoming international races and other related events in Torino), Transportation Arrangements (Need assistance on the best routes to arrive at the event taking place in Piazza Castello), User: Local.","Generate birth sex(from username), user type and associated need, with this format: Sex: [Male] or [Female] or Uncertain, Need: [need1] (description of need) 2), [need2] (description of need), etc and User: [user]. (Examples of users can be Tourist, Student, Local, etc)Also is very important that if no user or need can be precisely derivated from the text provided, you should write me ""Impossibile"". I need short-medium sentences for needs. One, two or three words maximum for the user description. Answer with a single sentence . Text provided:
['--- New element head ---\n', 'City of request is: Torino\n', 'City of provenience: Torino, Italia\n', 'Username: Barbara M\n', 'il 5 novembre da Piazza Castello', '', '', '', 'Gara internazionale con partenza e arrivo in Piazza', '', 'Castello. E in contemporanea anche la Torino City', '', 'Half Marathon e la Torino City Run (7 km). Torino City', '', 'Marathon Village a Palazzo Carignano da venerd√¨ 3!', '', 'http://www.torinocitymarathon.it', '---- new post text ---- \n']",Female,"Information on Local Events (Information regarding upcoming international races and other related events in Torino), Transportation Arrangements (Need assistance on the best routes to arrive at the event taking place in Piazza Castello)",Local
LuLa üáÆüá™ ‚òÄÔ∏è,Roma,"Roma, Italia","assistant: Sex: Uncertain, User: Tourist, Need: Information about exhibitions (Escher exhibition at Palazzo Bonaparte), Directions (to Palazzo Bonaparte in Roma).","Generate birth sex(from username), user type and associated need, with this format: Sex: [Male] or [Female] or Uncertain, Need: [need1] (description of need) 2), [need2] (description of need), etc and User: [user]. (Examples of users can be Tourist, Student, Local, etc)Also is very important that if no user or need can be precisely derivated from the text provided, you should write me ""Impossibile"". I need short-medium sentences for needs. One, two or three words maximum for the user description. Answer with a single sentence . Text provided:
['--- New element head ---\n', 'City of request is: Roma\n', 'City of provenience: Roma, Italia\n', 'Username: LuLa üáÆüá™ ‚òÄÔ∏è\n', 'Escher, la mostra a Palazzo Bonaparte,', '', '', '', '', '', 'piazza Venezia 5', '', '', '', '', '', 'Fino al 01/04/2024', '', '', '', '', '', '', '', 'https://www.romatoday.it/eventi/escher-mostra-palazzo-bonaparte-ottobre-2023.html', '---- new post text ---- \n']",Unknown,Unknown,Unknown
864zazza,Padova,"Giovinazzo, Italia","assistant: Sex: Uncertain, Need: Affordable parking (Looking for a recommendation for an affordable or free parking spot near the station for 5 days), User: Tourist","Generate birth sex(from username), user type and associated need, with this format: Sex: [Male] or [Female] or Uncertain, Need: [need1] (description of need) 2), [need2] (description of need), etc and User: [user]. (Examples of users can be Tourist, Student, Local, etc)Also is very important that if no user or need can be precisely derivated from the text provided, you should write me ""Impossibile"". I need short-medium sentences for needs. One, two or three words maximum for the user description. Answer with a single sentence . Text provided:
['--- New element head ---\n', 'City of request is: Padova\n', 'City of provenience: Giovinazzo, Italia\n', 'Username: 864zazza\n', 'Salve, mi consigliereste un posto dove parcheggiare gratuitamente (o a prezzi modici) nei pressi della stazione? Dovrei lasciare la macchina per 5 giorni. Grazie', '---- new post text ---- \n']",Unknown,Unknown,Unknown
Sirol84,Lago di Garda,"Ancona, Italia","assistant: Sex: Uncertain, Need: [Holiday Planning] (Suggestions for spend the remaining time in Gardaland area), [Dining Recommendations] (Looking for celiac-friendly restaurant recommendations), User: Tourist.","Generate birth sex(from username), user type and associated need, with this format: Sex: [Male] or [Female] or Uncertain, Need: [need1] (description of need) 2), [need2] (description of need), etc and User: [user]. (Examples of users can be Tourist, Student, Local, etc)Also is very important that if no user or need can be precisely derivated from the text provided, you should write me ""Impossibile"". I need short-medium sentences for needs. One, two or three words maximum for the user description. Answer with a single sentence . Text provided:
['--- New element head ---\n', 'City of request is: Lago di Garda\n', 'City of provenience: Ancona, Italia\n', 'Username: Sirol84\n', 'Salve a tutti,', '', ""dal 2 al 5 novembre soggiorner√≤ nelle vicinanze di Gardaland con la mia famiglia. Considerando che 2 giorni li trascorreremo a Gardaland vorrei avere dei suggerimenti su cosa poter fare/visitare nei due giorni rimanenti. Se conoscete posti che non sono direttamente sul lago e che siano raggiungibili al massimo in un'ora di auto metteteli tranquillamente nella lista."", '', ""Infine mi sarebbe utile qualche dritta anche sui ristoranti, tenendo in considerazione che abbiamo una persona celiaca, perci√≤ se ci fossero posti certificati AIC sarebbe l'ideale (in caso contrario ci adegueremo)."", '', 'Grazie', '---- new post text ---- \n']",Uncertain,"[Holiday Planning] (Suggestions for spend the remaining time in Gardaland area), [Dining Recommendations] (Looking for celiac-friendly restaurant recommendations)",Tourist
Giulia F,Palermo,"Trento, Italia","assistant: Sex: Female, Need: 1) Tourist Information (User requests advice on what to see and do in Palermo), 2) Family-Friendly Activities (Needs activities suitable for a child and accessible with a stroller), 3) Public Transport Guidance (Asks for information about the public transport system in the city center), 4) Special Activity for Birthday (Seeks advice for a unique and enjoyable activity for her 40th birthday). User: Tourist.","Generate birth sex(from username), user type and associated need, with this format: Sex: [Male] or [Female] or Uncertain, Need: [need1] (description of need) 2), [need2] (description of need), etc and User: [user]. (Examples of users can be Tourist, Student, Local, etc)Also is very important that if no user or need can be precisely derivated from the text provided, you should write me ""Impossibile"". I need short-medium sentences for needs. One, two or three words maximum for the user description. Answer with a single sentence . Text provided:
['--- New element head ---\n', 'City of request is: Palermo\n', 'City of provenience: Trento, Italia\n', 'Username: Giulia F\n', 'Avendo qualche giorno di ferie volevamo scendere a trovare dei lontani parenti per 5/7 giorni a inizio gennaio assieme al nostro bimbo di 18 mesi.', '', ""Chiedo un consiglio su cosa non perdere assolutamente e cosa invece evitare considerato che ci muoviamo con passeggino e che l'attenzione del piccolo magari in alcuni musei verrebbe messa un po' troppo alla prova. Leggevo che rimanendo in centro non serve avere la macchina, questo vale anche spostandosi con un passeggino? Funzionano bene i mezzi pubblici?"", '', ""Met√† settimana la passiamo con i parenti ma l'altra met√† loro non ci sono quindi possiamo sbizzarrirci."", '', 'Chiedo anche un ultimo consiglio su cosa si potrebbe fare di carino e particolare, visto che il 9 gennaio festeggio 40 anni, se decidessimo di fermarci a festeggiarli li invece che rientrare prima. Grazie!', '---- new post text ---- \n']",Unknown,Unknown,Unknown
roberto p,Sicilia,,"assistant: Sex: Male, User: Local, Need: Secure parking recommendation (Advice on a secure multi-level parking facility in the starting area of Via Roma, Palermo that is easily accessible and allows avoidance of the ZTL)","Generate birth sex(from username), user type and associated need, with this format: Sex: [Male] or [Female] or Uncertain, Need: [need1] (description of need) 2), [need2] (description of need), etc and User: [user]. (Examples of users can be Tourist, Student, Local, etc)Also is very important that if no user or need can be precisely derivated from the text provided, you should write me ""Impossibile"". I need short-medium sentences for needs. One, two or three words maximum for the user description. Answer with a single sentence . Text provided:
['--- New element head ---\n', 'City of request is: Sicilia\n', 'City of provenience: \n', 'Username: roberto p\n', 'Salve,sapete consigliarmi un parcheggio custodito/multipiano in zona stazione/inizi via Roma a Palermo?che sia di facile accesso e quindi evitare le ztl. Grazie a tutti', '---- new post text ---- \n']",Unknown,Unknown,Unknown
Matteo Z,Genova,"Genova, Italia","assistant: Sex: Male, Need: Event Information (Details about Festival di Limes X edizione), City Guide (Information about popular spots and attractions in Genova), User: Local.","Generate birth sex(from username), user type and associated need, with this format: Sex: [Male] or [Female] or Uncertain, Need: [need1] (description of need) 2), [need2] (description of need), etc and User: [user]. (Examples of users can be Tourist, Student, Local, etc)Also is very important that if no user or need can be precisely derivated from the text provided, you should write me ""Impossibile"". I need short-medium sentences for needs. One, two or three words maximum for the user description. Answer with a single sentence . Text provided:
['--- New element head ---\n', 'City of request is: Genova\n', 'City of provenience: Genova, Italia\n', 'Username: Matteo Z\n', 'Festival di Limes X edizione', '', 'https://www.visitgenoa.it/evento/festival-di-limes-x-edizione', '---- new post text ---- \n']",Male,"Event Information (Details about Festival di Limes X edizione), City Guide (Information about popular spots and attractions in Genova)",Local
Matteo Z,Genova,"Genova, Italia","assistant: Sex: Male, Need: Local Entertainment (Seeking local events and activities), User: Resident","Generate birth sex(from username), user type and associated need, with this format: Sex: [Male] or [Female] or Uncertain, Need: [need1] (description of need) 2), [need2] (description of need), etc and User: [user]. (Examples of users can be Tourist, Student, Local, etc)Also is very important that if no user or need can be precisely derivated from the text provided, you should write me ""Impossibile"". I need short-medium sentences for needs. One, two or three words maximum for the user description. Answer with a single sentence . Text provided:
['--- New element head ---\n', 'City of request is: Genova\n', 'City of provenience: Genova, Italia\n', 'Username: Matteo Z\n', 'Cineversity presenta: On The Road Again', '', 'https://www.genovatoday.it/eventi/cineversity-presenta-on-the-road-again.html', '---- new post text ---- \n']",Unknown,Unknown,Unknown
